datetime,wtr_0,wtr_1,wtr_2,wtr_3,wtr_4,wtr_5,wtr_6,wtr_7,wtr_8,wtr_9,wtr_10,wtr_11,wtr_12,wtr_13,wtr_14,wtr_15,wtr_16,wtr_17,wtr_18
2012-03-23,8.324999928474417,6.537500083446504,6.408571447644916,5.915714263916014,5.7399999754769455,5.657142843518939,5.505714348384313,5.297142846243723,5.1357143265860445,5.028571469443186,4.977142810821536,4.887142794472831,4.792857238224574,4.731428486960276,4.667142731802806,4.628571442195347,4.599999904632565,NA,NA
2012-03-24,NA,7.031302520206996,6.794285774230957,6.232857091086253,5.85428578513009,5.791428702218191,5.606249928474426,5.427142824445454,5.287142957959857,5.125714302062987,5.037500023841856,4.99285704748971,4.851428644997733,4.742857115609306,4.698571273258757,4.640000045299531,4.620000089917865,4.601428508758546,NA
2012-03-25,NA,7.781680684129731,7.121428625924247,6.322499930858614,6.06428575515747,5.9028572354997895,5.778571537562777,5.672857148306711,5.416249871253967,5.278571469443186,5.107142925262451,5.007143020629886,4.907142843518939,4.738571371350968,4.6742856161935,4.617142881665909,4.612500011920927,4.58500003814697,NA
2012-03-26,8.195000171661375,8.113395322755325,7.985714231218609,7.074285711560929,6.038571493966237,5.884285722460069,5.657777733272977,5.60000010899135,5.428571360451836,5.26428590502058,5.061111185285779,5.0128572327750085,4.840000084468295,4.784285817827499,4.757143020629886,4.665555530124243,4.634545499628243,4.618571383612498,4.612857239586963
2012-03-27,NA,7.175170019370359,7.038571493966237,7,6.05000019073486,NA,NA,NA,NA,5.1100001335144,5.13000011444092,5.095714296613421,5.001428604125977,4.887999916076664,4.807999992370604,4.7024998664855975,4.672500014305117,4.65000009536743,NA
2012-03-28,NA,6.499268303072549,6.3500000408717545,6.321666638056435,6.297142914363316,6.263333479563397,6.195999908447264,6.1599999666214,5.9800000190734846,5.83000008265177,5.462499976158142,5.251666784286502,5.1099999972752155,4.978333155314127,4.90000009536743,NA,NA,NA,NA
2012-03-29,NA,6.3581094836714245,6.33833336830139,6.324285779680524,6.306250095367433,6.311428546905518,6.284285817827495,6.115714209420341,5.805000066757202,5.741666714350384,5.687142848968506,5.6700000081743545,5.66499996185303,5.584285736083984,5.451428481510709,5.300000054495675,5.013333400090535,4.9199999173482265,4.735999965667726
2012-03-30,6.015000104904175,6.597575800759452,6.277142865317207,6.248571463993619,6.218571254185267,6.175714356558667,6.157999897003174,6.145714146750318,6.041428565979006,5.981428486960274,5.862857205527169,5.676249921321869,5.577142851693289,5.445714269365585,5.251428536006381,5.051428658621651,4.996250033378603,4.964285646166119,4.925714288439071
2012-03-31,NA,6.230096058203625,6.22833331425985,6.207142829895019,6.178749978542328,6.158571379525322,6.152857031141012,6.131428650447303,6.1200000445048,6.117999935150144,6.06333335240682,5.989999907357351,5.894999901453655,5.435000061988831,5.238571371350969,5.014285836900984,4.939999977747599,4.862000083923336,4.86500000953674
2012-04-01,6.17999982833862,6.1585026450335665,6.096666733423868,6.077142919812884,6.070000103541784,6.0600000108991345,6.062857287270683,6.04428584235055,6.03999996185303,6.03999996185303,6.0175000429153425,5.961428506033761,5.840000073115031,5.594285760607039,5.27428572518485,5.20571415764945,5.0500000317891445,5.03500008583069,4.955999851226808
2012-04-02,NA,6.534129382365972,6.152000045776366,6.117142813546314,6.101249992847441,6.092857224600656,6.096666733423868,6.09000015258789,6.08400011062622,5.986000061035154,6.0316667556762695,5.9885713032313745,5.881428650447303,5.847142900739397,5.407499909400942,5.270000049046108,5.241999816894528,5.05666677157084,4.988571235111778
2012-04-03,NA,6.6653072234638575,6.37166659037272,6.29428570611136,6.2742856570652545,6.2628572327750085,6.257142884390694,6.17199993133545,6.096000003814698,6.075714315686906,6.05000019073486,6.012857232775008,5.969999994550432,5.934285708836147,5.814285755157472,5.496666590372722,5.19249999523163,5.172000026702884,5.09333340326945
2012-04-04,NA,7.147198066619283,6.665714263916018,6.65000009536743,6.647142818995886,6.624285697937012,6.54000016621181,6.527142865317207,6.5142857006617945,6.216666698455811,6.098000049591064,6.02333339055379,6.0042858123779315,5.94999987738473,5.758750081062317,5.412857191903254,5.228571414947512,5.114285741533549,5.07000017166138
2012-04-05,NA,7.558911901681534,6.931999969482424,6.8171428952898285,6.737142835344589,6.717142718178884,6.677500069141389,6.638333320617677,6.603333314259847,6.575000047683715,6.525000174840292,6.311999893188476,5.861428601401191,5.78571435383388,5.768571444920129,5.650000015894573,5.553333441416423,5.37333329518636,5.32999992370605
2012-04-06,NA,7.613769648586892,7.1449999809265154,7.09571429661342,7.038750112056732,6.954285689762662,6.968571322304862,6.907500028610232,6.849999984105427,6.530000050862628,6.329999923706055,6.358333349227905,6.234285831451415,5.808571543012347,5.6987499594688416,5.635714258466451,5.613333225250243,5.577999973297116,5.493999862670896
2012-04-07,NA,8.296160384069514,7.268750071525575,7.155714239392965,7.155714239392963,7.124285766056605,7.055714334760395,6.911249876022341,6.949999945504325,6.909999915531705,6.621428625924248,6.194999933242799,6.138571398598809,6.077142851693287,5.9371427808489114,5.841428688594273,5.7912500500679,5.711428437914168,5.657142775399344
2012-04-08,NA,8.144033582270646,7.810000079018728,7.780000073569163,7.638749957084657,7.37857151031494,7.2614285605294375,7.102857181004116,7.047142982482907,6.711249887943268,6.6828571047101715,6.525714397430422,6.2185714585440515,6.040000029972623,5.943749964237215,5.907142775399344,5.882857118334091,5.850000040871755,5.834285736083982
2012-04-09,NA,7.8370464361166645,7.557500064373016,7.512857232775008,7.510000092642649,7.504285744258336,7.494285583496091,7.5024999380111685,7.4985713958740225,7.49285704748971,7.244285719735282,6.447499930858614,6.300000122615268,6.242857115609306,6.148571423121862,6.041428634098597,5.998750030994416,5.951428549630301,5.92000007629395
2012-04-10,NA,7.493445352345955,7.451428549630301,7.4371427808489114,7.436249911785125,7.408571311405727,7.414285659790042,7.42000007629395,7.408571379525322,7.327499985694886,7.26857144492013,6.820000035422187,6.758571420397077,6.2957143783569345,6.1774999499321,6.094285760607039,6.097142832619804,6.087143012455531,6.05999994277954
2012-04-11,NA,7.128143447360912,7.016250133514406,7.011428696768626,7.0042858123779315,7.005714416503909,7.0075001716613805,7.01000022888184,7.01000022888184,7.004285880497528,6.942857129233226,6.856249928474429,6.728571346827917,6.562857219151087,6.265714372907367,6.237142699105397,6.181249916553497,6.155714239392961,6.054285798754009
2012-04-12,NA,7.654411764705882,6.971428394317628,6.921428544180736,6.91250002384186,6.881428650447303,6.868571485791886,6.841428688594273,6.838571548461912,6.826250016689298,6.812857151031494,6.791428565979006,6.7514286041259775,6.649999959128245,6.523749947547913,6.544285706111363,6.391428470611576,6.312857151031494,6.150000027247837
2012-04-13,NA,8.436075969084406,7.377500116825102,7.237142699105397,7.18857138497489,7.118571417672292,6.987500011920929,6.9357143129621255,6.877142906188964,6.862857205527166,6.848571368626187,6.823750019073486,6.812857151031494,6.767142908913748,6.645714282989503,6.624285629817417,6.5737500190734846,6.520000185285297,6.414285727909635
2012-04-14,NA,7.901386535468222,7.788571493966239,7.717142718178886,7.586249947547911,7.457142761775426,7.262857096535815,7.1542857715061725,7.031428677695138,6.87250006198883,6.82999992370605,6.82999992370605,6.828571387699669,6.7542858123779315,6.7362498044967625,6.688571384974889,6.621428557804651,6.554285798754009,6.4999998637608085
2012-04-15,NA,8.575186733388307,8.030909104780719,7.972856998443602,NA,7.97714274270194,7.8818180344321505,7.75600004196167,7.271538440997785,7.017142840794153,6.88000011444092,6.858750045299528,6.8037501573562595,6.73999977111816,6.703846051142765,6.66666666666667,6.638571398598806,6.595714296613418,6.556000041961668
2012-04-16,8.72156785302243,8.611110793219673,8.46571431841169,8.44428552900042,8.28375017642975,8.274285997663224,7.970000062670027,7.744285719735283,7.572857311793736,7.253749907016754,7.182857036590577,7.058571474892752,6.852857044764926,6.787500143051145,6.795714378356933,6.765714372907366,6.697142805371967,6.687142848968506,NA
2012-04-17,NA,8.308381804786777,8.34636384790594,8.355714389256072,8.319999967302595,8.30571447099958,8.264999985694885,7.898571423121862,7.608571529388427,7.555714334760391,7.471428530556814,7.268750011920927,7.0799999918256455,6.9742856706891745,6.935714244842528,6.875714302062988,6.7975001335144025,6.75,NA
2012-04-18,NA,8.369663851601738,8.242857251848493,8.0200001171657,7.912499964237214,7.909999983651297,7.8471428326198005,7.85285711288452,7.801428658621651,7.681249976158144,7.608571461268832,7.572857175554547,7.18571424484253,7.065714359283447,6.953749895095825,6.9200000081743545,6.891428606850761,6.8600001335144,6.82428584780012
2012-04-19,NA,8.0562917470932,8.010833263397215,7.9757142066955575,NA,7.9385713168552945,7.921249985694887,7.898749947547913,7.8599999745686855,7.805000066757201,7.762499988079071,7.686999940872193,7.5799999237060565,7.492000007629396,7.0489999771118175,6.97499990463257,6.937499940395358,6.902857167380197,6.865714277539931
2012-04-20,NA,8.11441175877547,8.07999985558646,7.92571415219988,7.899999976158144,7.878571510314942,7.864285741533549,7.860000065394807,7.855714321136473,7.841249942779543,7.841428688594273,7.838571548461912,7.705714157649449,7.602857181004114,7.2987500429153425,7.191428593226843,7.1314285823277075,7.032857281821116,6.961428574153353
2012-04-21,NA,8.306455680589636,8.22499990463257,7.957142761775424,7.899999959128245,7.875714370182581,7.797142914363314,7.776250004768369,7.765714372907366,7.768571444920129,7.76000022888184,7.725000023841859,7.707142693655833,7.705714225769043,7.705714225769043,7.489999975476947,7.232500135898591,7.097142832619803,6.997142791748046
2012-04-22,NA,8.958781502827877,8.349999836512975,8.127142769949776,8.042500078678131,8.031428337097166,8.02000045776367,7.98000001907349,7.967142718178884,7.9162500500679025,7.924285684313094,7.887142794472834,7.808571543012347,7.758571556636267,7.46749985218048,7.48000001907349,7.451428413391113,7.390000070844378,7.208571297781809
2012-04-23,NA,9.07881855864062,8.843750000000002,8.285714421953472,8.222857202802388,8.192856924874443,8.132857186453682,8.06625020503998,8.072857039315357,8.004285812377931,7.978571414947512,7.8262500166893,7.78571435383388,7.572857175554547,7.615714277539933,7.619999885559083,7.476249992847445,7.46142850603376,7.417142868041996
2012-04-24,NA,9.327605031117672,9.32571452004569,8.68285710471017,8.603749990463257,8.558571543012347,8.46857125418527,8.35142844063895,8.33428600856236,8.126250088214872,8.007142884390694,7.957142829895019,7.835714272090365,7.790000098092214,7.697499930858612,7.561428683144704,7.542857170104981,7.515714372907366,7.47714274270194
2012-04-25,NA,9.708445376708728,9.201428549630302,9.108749985694885,8.93428557259696,8.84857150486537,8.72142859867641,8.562857355390275,8.277500033378601,8.195713996887207,8.127142906188965,8.020000185285296,7.961428574153354,7.846250057220457,7.747142791748046,7.727142742701939,7.65714284351894,7.583750009536741,7.546666781107583
2012-04-26,NA,9.460756293865813,9.407142639160154,9.391428811209538,9.195714269365583,8.962500214576721,8.925714492797853,8.657142911638532,8.561428478785922,8.390000070844376,8.167499899864199,8.111428533281602,7.962857110159739,7.872857093811034,7.770000117165702,7.728749930858614,7.73999977111816,7.718571254185267,7.664285659790042
2012-04-27,NA,9.392100923201617,9.02285725729806,9.033750176429747,9.015714645385742,9.010000228881838,8.975714274815152,8.97714274270194,8.677500128746033,8.464285714285715,8.384285654340472,8.322857311793735,8.147142818995885,8.078749954700472,7.994285719735281,7.78857149396624,7.762857164655411,7.719999909400942,7.69166668256124
2012-04-28,NA,9.980378154946978,9.212857110159739,9.115714073181154,9.05000019073486,9.038571357727053,9.015000224113464,8.918571335928782,8.877142633710589,8.822857175554546,8.62874984741211,8.495714460100446,8.155714443751743,8.050000190734863,7.961428574153356,7.906249880790709,7.858571529388424,7.788571425846647,7.760000160762244
2012-04-29,NA,9.888277278226965,9.35000010899135,9.041250109672546,9.017143249511719,8.972857202802388,8.945713996887209,8.941428456987653,8.87000000476837,8.812857219151088,8.654285703386579,8.614285741533553,8.324285915919713,8.117499887943268,8.03571455819266,7.931428432464598,7.891428470611576,7.86999988555908,7.805714402879985
2012-04-30,9.68000030517578,9.862573901309242,9.562856946672714,9.276250004768372,9.15571457999093,9.087142944335936,9.071428435189382,9.015714509146557,8.973750114440918,8.892857142857142,8.688571384974887,8.647142818995883,8.517142977033341,8.265000104904175,8.054285730634415,7.972857134682794,7.918571335928782,7.909999915531705,7.851428644997731
2012-05-01,NA,9.916008300140126,9.609999792916435,9.454285621643068,9.382857186453682,9.312857082911899,9.202499747276308,9.239999907357351,9.078571592058454,8.907142639160154,8.79250013828278,8.75428581237793,8.51857158115932,8.485714231218612,8.298571450369696,8.075000047683714,8.037142753601074,8.031428337097166,7.974285670689175
2012-05-02,NA,10.23802521649529,9.751428740365164,9.672500014305117,9.50571428026472,9.388571602957587,9.337142944335936,9.277142797197612,9.10249996185303,9.017142840794154,8.875714302062987,8.795714242117745,8.685714040483747,8.353750109672548,8.244285583496092,8.121428489685057,8.102857317243307,8.043750166893004,7.978333234786988
2012-05-03,NA,11.346764700753345,10.60599994659424,10.2600001335144,10.1700000762939,9.742857115609306,9.41124999523163,9.354285785130095,9.332857131958008,9.154285567147388,8.889091144908557,8.799999952316282,8.699999945504324,8.50571428026472,8.371428489685057,8.322500228881838,8.229999678475517,8.181428773062569,8.102857317243307
2012-05-04,NA,12.625336146154325,11.355000019073486,10.740000043596543,10.542857306344157,10.13285718645366,9.768571581159321,9.617142949785505,9.388750076293947,9.202857153756277,9.045714378356932,8.914285659790037,8.8371429443359375,8.68749988079071,8.62428569793701,8.525714465550013,8.357143129621235,8.344285964965822,8.277142933436803
2012-05-05,NA,13.368823528289795,12.244285583496087,11.637142862592443,10.954285757882257,10.545714378356928,10.116249918937674,9.75,9.62000002179827,9.291428565979004,9.05375015735626,9.03428568158831,8.952857017517092,8.752857208251953,8.64000034332275,8.424999713897705,8.317142895289829,8.288571357727053,8.261428833007816
2012-05-06,NA,13.073025206557846,12.46714292253767,11.836250185966488,11.142857006617943,10.7985714503697,10.202857153756272,9.920000076293947,9.568749904632567,9.534285817827497,9.372857093811035,9.074285915919715,8.870000158037458,8.726249933242798,8.551428522382462,8.518571581159318,8.434285708836146,8.374285561697823,8.33571434020996
2012-05-07,NA,12.065252159823888,12.031428337097172,11.984285490853457,11.294285774230943,11.099999972752187,10.48624992370605,10.202857153756286,9.792857033865792,9.622857093811035,9.27875018119812,9.118571145193917,8.850000245230541,8.777142933436803,8.65285723549979,8.561250090599058,8.525714465550013,8.427143096923828,8.405714035034178
2012-05-08,NA,12.439621877269584,11.512857300894629,11.336249709129326,11.315714427403043,11.098571504865387,10.862856864929201,10.237142971583772,9.844999790191652,9.68142877306257,9.314285687037875,9.108571597508021,8.977142878941127,8.729999899864193,8.705714225769043,8.624285697937012,8.568571499415807,8.538571357727053,8.482856750488281
2012-05-09,NA,12.790371922422041,12.06799983978272,11.94399986267088,11.738571439470558,11.290000098092229,11.017499923706062,10.728571346827914,10.308571270533957,9.747142927987234,9.40999972820282,9.122857093811035,9.018571717398506,8.86571434565953,8.757142748151505,8.648749828338623,8.647142682756693,8.592857360839844,8.55000019073486
2012-05-10,NA,13.119369703180649,12.447142873491558,12.263750076293926,11.922857284545914,11.489999771118157,11.174285752432672,10.944285665239615,10.333749890327455,9.897142682756696,9.625714302062988,9.33000019618443,9.152857099260602,8.982500314712524,8.915714127676829,8.78285734994071,8.662857055664064,8.641428674970351,8.634285926818848
2012-05-11,13.7399997711182,13.583248943216187,12.641428538731171,12.521428789411287,12.438571384974885,11.702857153756286,11.293749928474424,11.105714389256057,10.685714312962114,10.168571335928785,9.682857240949357,9.43500006198883,9.19285706111363,9.02571419307164,8.841428756713867,8.760000109672546,8.752857208251955,8.668571472167972,8.669999940054758
2012-05-12,NA,13.95100829981956,13.405714171273372,13.044999957084638,12.441428456987643,12.302857126508442,11.81285694667273,11.347142900739385,10.61500000953674,10.221428598676415,9.747142927987237,9.621428489685059,9.36571434565953,9.108750104904173,8.9371429170881,8.862857137407573,8.785714149475096,8.768571853637694,8.738571166992184
2012-05-13,NA,14.532352940375063,13.368571281433114,13.331428527832042,12.929999896458215,12.577142715454086,11.946249961853026,11.467142786298485,10.930000032697414,10.357142857142872,9.919999940054758,9.696249961853027,9.260000092642649,9.124285697937012,9.065714291163854,9.037142753601074,8.948750257492067,8.851428849356518,8.75
2012-05-14,14.4200000762939,14.491856550868553,14.011428696768615,13.764999985694887,13.754285676138728,12.725714274815157,12.254285812377914,11.669999940054756,11.006249904632568,10.4242857524327,10.161428587777285,9.752857072012766,9.484285354614258,9.306249976158144,9.111428533281599,8.979999678475515,8.931428364345008,8.91428565979004,8.894285746983115
2012-05-15,NA,15.131764716460923,14.345714160374243,14.16714286804197,13.53999996185303,13.185714176722914,12.506250023841863,12.102857044764944,11.321428707667756,10.825714247567314,10.274285725184843,9.850000023841858,9.588571548461912,9.328571455819267,9.221428326198035,9.071250081062317,9.00857162475586,8.991428375244137,8.93000030517578
2012-05-16,NA,15.549747903807827,14.96799983978272,14.628571237836573,14.57199993133544,13.277142797197614,13.094285692487443,12.305714198521185,11.381250143051137,10.874285697937013,10.4714285986764,10.030000005449574,9.728571619306294,9.337500214576721,9.172857012067523,9.127142906188965,9.11000006539481,9.048571586608885,8.95714282989502
2012-05-17,NA,15.69466387724676,14.914285659790014,14.805714470999572,14.394285746983158,13.818571363176614,12.949999928474412,12.579999787466857,11.862857137407572,11.0971427645002,10.641428266252786,10.023750066757197,9.785714285714285,9.53142874581473,9.311428615025111,9.14857128688267,9.109999895095823,9.065714291163854,9.008571624755863
2012-05-18,NA,15.057521062738758,14.94571426936557,14.741428511483344,14.3474999666214,14.21714278629847,13.587142808096743,12.791428702218186,11.920000076293944,11.113749980926524,10.764285768781386,10.251428604125985,10.020000049046097,9.663749814033508,9.391428674970353,9.280000005449567,9.212857246398926,9.168571472167972,9.07999992370605
2012-05-19,NA,15.760756340347417,14.972857202802386,14.734285627092657,14.632857186453672,13.871428489685057,13.512499928474424,13.197142873491543,12.468571526663657,11.445714269365586,10.879999841962528,10.389999985694894,10.134285654340472,9.681428636823382,9.481428418840682,9.338571548461912,9.28250002861023,9.234285354614258,9.198571205139164
2012-05-20,9.34000015258789,16.700882334669096,16.06857122693743,15.7357142312186,14.6324998140335,14.48142869131907,14.114285741533557,13.358571461268829,12.21624994277955,11.619999885559086,11.240000043596558,10.612857137407572,10.334285599844785,9.9887501001358,9.725714411054339,9.56571429116385,9.374285697937012,9.341666857401531,9.281428337097166
2012-05-21,NA,17.21256303386528,16.55499954223633,16.154999971389774,15.371428489685071,14.74000004359653,13.969999909400938,13.705714225769043,12.768571308680958,11.804285866873615,11.35142857687813,10.733749985694878,10.551428658621672,10.177142960684643,9.684285845075335,9.614285605294365,9.453750014305115,9.4385712487357,9.369999885559082
2012-05-22,NA,17.06899166107177,16.488571439470558,16.02000032152447,15.46625006198885,15.0557141985212,14.3185714994158,13.575714111328129,12.905714307512557,12.12375009059905,11.404285703386586,11.048571314130529,10.622857230050244,10.294999957084666,9.977142742701947,9.711428506033762,9.652856963021412,9.588571412222723,9.502857208251955
2012-05-23,NA,16.593361425800484,16.4242856161935,16.017142568315773,15.640000070844371,15.254285676138728,14.437500000000012,13.759999956403457,13.101428576878144,12.405714307512557,11.795714514596128,11.052499890327441,10.72142846243723,10.377143042428171,10.065714154924658,9.851428713117329,9.780000209808348,9.685714449201312,9.63000011444092
2012-05-24,16.204689176742647,16.20676455778235,15.958571434020985,15.576249957084663,15.338571412222715,NA,14.414166768391926,14.00500011444095,13.141250014305125,12.507142884390714,11.75,11.245833317438759,10.600000063578284,10.322499990463275,10.172857284545872,9.97777801089817,9.777272831309928,9.730000087193082,9.69999980926514
2012-05-25,16.687051284007538,16.54909064553,16.05285671779087,15.7142857142857,15.550000190734872,14.971428598676415,14.1212500333786,13.625714165823771,12.797142846243728,11.998571532113214,11.411428587777285,11.052500009536738,10.818571363176629,10.298571722848086,10.099999972752157,9.898749828338623,9.885714530944822,9.832857131958004,NA
2012-05-26,NA,16.749789879101662,16.55999973842077,16.22714260646277,16.20875000953675,16.17571476527623,15.497142791748043,14.394285610743928,13.686250209808362,12.814285823277071,12.081428664071243,11.532857213701543,11.2142858505249,10.598749995231625,10.491428375244142,10.179999896458215,10.037142753601072,9.98714256286621,9.951428413391117
2012-05-27,10.3500003814697,16.615400942066046,16.386249661445586,16.462856837681358,16.174285888671857,15.96714292253767,15.682856832231801,14.771250128746024,14.090000288827085,13.085714340209957,12.287143026079471,11.68499994277955,11.374285834176229,10.9942854472569,10.554285730634428,10.36833333969115,10.249999999999988,10.197142873491558,10.03285721370153
2012-05-28,17.42500019073485,17.299132228882847,16.396666208903,16.280000209808374,16.010000467300436,15.819999967302586,15.566363594748763,15.216666539510067,14.175714220319486,13.071249961853026,12.5428570338658,11.989999907357342,11.4657141821725,10.860000065394814,10.570000052452112,10.441428320748457,10.251428604125971,10.214285850524913,10.151428222656271
2012-05-29,18.435526287346555,18.321874976158124,16.990000009536736,16.6942858014788,16.23999977111817,15.894285474504743,15.071249961853038,14.612857001168386,13.578571455819272,12.275714193071629,11.877142769949785,11.554999947547913,11.499999863760815,11.1457143511091,10.542857170104986,10.395714487348314,10.316249966621399,10.2785714013236,NA
2012-05-30,17.68434798199198,17.760225227287226,17.498571668352415,17.32999992370606,16.292500019073486,15.8575003147125,15.43300008773805,14.6814285005842,13.831428800310414,12.70875000953675,12.430000032697414,11.738333225250233,11.33199996948244,11.1824998855591,10.887777858310278,10.596666653950983,10.523750066757213,10.436666594611268,10.433333396911634
2012-05-31,NA,16.93531879668542,16.862500190734874,16.82999992370606,16.772857393537258,16.520000185285287,16.247143064226428,15.44999980926515,14.8828570502145,13.9300000326974,13.177142824445458,12.151250004768375,11.874285697937015,11.385714394705657,11.107142720903656,10.808571406773158,10.714999794960011,10.6314285823277,10.538571493966243
2012-06-01,NA,16.764873969454726,16.625714165823787,16.322856903076172,16.003749608993527,16.187143325805657,16.0699996948242,15.584285736083986,15.177142824445458,13.713750004768375,13.169999940054756,12.442857061113642,11.984285490853457,11.6300001144409,11.128749847412113,10.964285441807329,10.815714291163872,10.717143058776857,10.577142715454128
2012-06-02,NA,17.575152792784845,16.269999504089366,16.371666272481285,16.324999809265133,16.197142737252356,15.635000109672525,15.671428680419929,15.198333263397199,14.3542856488909,13.3116668065389,12.494285719735272,12.3133331934611,11.744285583496087,11.391428402491972,11.1185712814331,10.921428544180714,10.82199974060058,10.762857300894572
2012-06-03,17.05035931478717,17.08000055948897,16.615000724792502,16.463999176025418,16.187499999999975,16.018571444920127,15.75999995640347,15.057142802647185,14.598571504865372,13.536249995231637,13.025714329310828,12.338333447774266,12.025714329310814,11.581428527832028,11.228749871253974,11.017142977033343,10.961428642272956,10.945713996887186,10.803934425604146
2012-06-04,NA,17.811572087383688,17.63666661580403,16.97250020503999,16.72799987792968,16.419999694824238,16.29142870221816,15.864285741533543,14.993749976158151,14.501428604125971,13.647142955235072,12.877142906188958,12.5825002193451,11.85333331425985,11.7700004577637,11.531428473336357,11.258571624755843,11.175714492797843,11.04714298248293
2012-06-05,NA,18.33421512997204,17.793333371480315,17.3614283970424,17.05285699026926,16.655714035034197,16.06374967098235,16.08285740443637,15.4871425628662,14.719999858311228,13.945000171661366,13.1699997584025,12.63600006103514,12.1899995803833,11.9900001525879,11.431249856948863,11.337142944335943,11.231428146362285,11.1766668955485
2012-06-06,19.2900009155273,19.003008859347453,18.112857273646785,17.328571183340884,17.2985714503697,16.8414284842355,16.491428102765756,16.134285518101287,15.17749977111815,14.788571493966243,13.995714323861257,13.498571395874,12.796000099182141,12.20200004577638,11.8519998550415,11.635714394705657,11.482857022966643,11.412856919424872,11.194285392761214
2012-06-07,NA,19.370905086465548,18.50200004577636,17.8985710144043,17.576666514078784,17.0699996948242,16.36499989032745,16.248571123395656,15.7157143184117,15.002857072012786,14.182856968470986,13.255714280264714,12.821428707667756,12.55285726274763,12.15200004577636,11.741250157356262,11.5557144709996,11.422857148306685,11.331428527832028
2012-06-08,17.2900009155273,19.89593745980944,19.365714209420343,18.530000050862633,17.988333066304534,17.2628571646554,16.893333435058583,16.40000016348703,15.397500157356262,14.948571205139157,14.489999907357328,13.745714323861257,13.038571493966229,12.517142977033357,12.2300000190735,11.862857137407557,11.745714187622072,11.668571472167928,11.49199981689454
2012-06-09,NA,19.72353712856508,19.698571886335127,19.20200004577638,18.115714481898728,17.6319999694824,16.645714759826657,16.212856837681386,15.718571526663643,15.185714312962128,14.134999990463262,13.76200027465822,13.15857124328613,12.608333269755084,12.29400024414066,12.008750081062313,11.970000130789614,11.871428489685057,11.657142639160172
2012-06-10,20.8999996185303,20.781189460586347,20.11428615025113,19.3042858668736,18.95857129778183,17.676666577657066,17.103333155314132,16.592857633318214,15.618749856948824,15.24571418762207,14.758333365122466,13.960000038146983,13.46000003814698,12.71166642506915,12.593333562215166,12.247142655508842,12.037142889840272,11.964285714285714,11.867142677307129
2012-06-11,20.9799995422363,21.25539120383885,21.2885717664446,19.99333318074545,19.498571668352415,18.05750036239625,17.009999871253964,16.75571414402553,16.112856728690016,15.407142775399358,14.690000125340072,13.832856995718828,13.42166662216185,12.979999860127766,12.694999933242824,12.26000010967255,12.11571407318113,12.0357141494751,11.8716665903727
2012-06-12,21.4699993133545,21.53401735464038,20.463333288828526,19.930000305175767,19.61600036621096,18.727778116861966,17.611250162124623,16.791428429739813,16.278333346049,15.555000066757213,14.58500003814699,14.1749999523163,13.537499904632563,13.18799991607666,12.871249914169312,12.48799991607666,12.275714329310842,12.134999871253962,12.0349998474121
2012-06-13,NA,20.053378405871698,19.70333321889245,19.6542854309082,19.367500305175763,19.186666806538902,18.22428594316756,17.048333168029767,16.351428985595714,15.331666628519683,14.923333485921216,14.2628573008946,13.852857181004115,13.31374979019165,12.934285845075344,12.608571461268829,12.399999777476017,12.288571357727044,12.1800000326974
2012-06-14,NA,20.103464979874467,19.452857153756273,19.524286270141587,19.324285779680515,19.0542858668736,18.296250104904175,17.707143238612616,16.67599983215328,15.820000012715667,15.214285714285744,14.338750123977638,14.120000158037472,13.582857131958015,13.15000000000002,12.758333206176767,12.522500038146987,12.4399995803833,12.255000114440934
2012-06-15,NA,18.948666644626197,19.20857102530347,19.2028574262347,19.014999628067024,18.935714721679698,18.73666667938233,17.9883330663045,16.90428597586496,16.111428260803216,15.20857157026017,14.71285724639893,14.145714214869914,13.641250252723701,13.1857144492013,12.924285752432686,12.76666673024495,12.558000183105479,12.47428553444997
2012-06-16,NA,19.771052611501588,18.806249856948863,18.692857469831186,18.584285736083988,18.445714678083142,17.815714563642228,18.011666933695484,17.452857153756284,16.312857219151088,15.375714438302186,14.61625015735625,14.34857150486537,13.842857224600657,13.455714089529858,13.138333320617667,12.909999983651314,12.76800003051758,12.55200023651124
2012-06-17,19.7999992370605,19.98872241049611,19.424285616193515,18.9042854309082,18.518749952316277,18.479999542236342,18.3271427154541,17.948571613856743,17.363333384195965,16.037142617361887,15.661428587777285,14.822857175554557,14.315714427403043,13.908571243286115,13.52875006198885,13.348571368626185,12.971666495005284,12.901666641235368,12.749999841054283
2012-06-18,NA,19.732079657833133,19.22499942779545,19.199999915228975,19.14400062561036,18.9949998855591,18.05833315849305,18.105000495910602,17.56399993896484,16.74999961853026,15.823333422342916,14.807500123977663,14.40428597586497,14.105714389256072,13.848571504865385,13.464285986764086,13.093333244323716,13.006666501363133,12.914285659790028
2012-06-19,19.983407113404404,19.562499761581424,19.3500003814697,19.192856924874455,18.752500057220452,18.6171430860247,18.195000012715667,17.65799980163574,16.90333302815757,15.700000047683725,15.09499994913735,14.601428576878114,14.157142911638529,13.666250109672575,13.3114287512643,13.25,13.205714225769043,13.116666475931783,NA
2012-06-20,21.2800006866455,20.983679701239517,19.94400024414064,19.445000171661377,19.34142875671387,19.138571330479227,18.776666959126782,18.336666742960634,17.00199966430666,16.82000001271565,15.85333331425985,15.392857006617957,14.731250047683712,14.297142982482928,13.9928572518485,13.681428500584172,13.528571673801972,13.39333359400435,13.3250001271566
2012-06-21,NA,21.81991227467855,21.297500133514376,19.9742853982108,19.761428560529414,19.111250162124627,18.797142573765342,18.231666564941417,17.58600006103516,16.844285692487457,16.238571030753015,15.443333307902,15.015714372907372,14.638571330479229,14.242856979370114,13.84250009059905,13.662857055664057,13.565000057220466,13.464285850524913
2012-06-22,NA,21.192336465710792,21.03428568158831,20.745000123977675,19.88428551810127,19.43428611755373,19.0414284297398,18.494285311017716,17.70400009155274,16.767500400543227,16.29799995422362,15.636666774749767,15.256666660308834,14.837142671857572,14.407142911638529,14.167142731802814,14,13.950000166893,13.8599996566772
2012-06-23,21.2600002288818,21.332610560729442,20.881666819254566,20.64333311716713,20.391428538731155,19.553749799728386,19.272857393537244,18.679999987284347,17.6657145363944,17.12285723005023,16.196250081062313,15.7833334604899,15.37000002179827,14.895714078630728,14.472857202802372,14.223750233650188,14.212857246398942,14.182000160217301,13.860000337873185
2012-06-24,NA,20.881769922982272,20.8183329900106,20.610000133514387,20.26714270455497,19.86285754612516,19.65714263916017,18.801428658621656,17.651666641235384,17.268571308680958,16.5699999673026,15.932857104710171,15.267142840794172,14.9999998637608,14.605714253016858,14.439999852861686,14.358571461268815,14.208571297781814,14.0733331044515
2012-06-25,21.13000011444095,21.093529507045837,20.98142841884067,20.312857219151088,20.16142845153807,19.837500333786014,19.621428353445886,19.022857121058887,18.181666692097966,17.53000005086265,16.50499999523164,15.951666514078767,15.615000089009616,15.018571717398514,14.821428707667772,14.4449998140335,14.378571510314943,14.251428604125971,14.09400005340576
2012-06-26,21.75,21.636173845374067,20.95571436200823,20.415999984741198,20.25428581237793,20.0900001525879,19.889999662126797,19.121428625924256,18.39499998092649,17.671666781107582,16.85142871311733,16.14857155936104,15.403749942779537,15.145714078630728,14.830000059945228,14.429999896458229,14.346666653951,14.247500419616726,14.0825002193451
2012-06-27,22.0599994659424,21.962353046123795,21.593333562215168,20.777143205915173,20.607142584664487,20.29714284624373,19.72874975204469,19.3957140786307,18.6542854309082,17.706666946411133,16.771428789411285,16.231666564941417,15.76666673024495,15.35285704476493,14.9799999509539,14.691249966621388,14.524285588945657,14.37199993133546,14.260000228881816
2012-06-28,NA,22.533456257411412,22.08800010681154,20.97499990463256,20.82571411132813,20.594285964965845,20.112857273646757,19.5285712650844,18.577500104904175,17.9650001525879,16.994285855974486,16.4499999455043,15.991428647722515,15.503333303663455,15.125714302063015,14.923333326975467,14.7350001335144,14.58200016021728,14.5200004577637
2012-06-29,NA,22.981982213956808,22.798333168029767,21.52833302815755,21.228570938110355,20.447499990463264,20.278571537562744,19.687142780848898,18.915713991437627,18.13142830984933,17.1225003004074,16.591666539510083,16.15714291163853,15.722856930324,15.42285701206753,14.993749856948838,14.813333511352532,14.73499965667725,14.61333338419595
2012-06-30,22.40000057220455,22.703318730919765,22.76399993896486,21.901428767612988,21.458571570260187,21.011428833007816,20.488571711948943,19.635714122227242,18.834285191127243,18.254285812377915,17.50142860412597,16.618333180745417,16.261666615804018,15.874999761581412,15.602857181004099,15.167143140520372,15.015000343322766,14.9099998474121,14.65249967575075
2012-07-01,21.8500003814697,23.230672665241055,23.130000114440918,22.40833377838137,21.878333409627285,21.327142987932486,20.458750009536725,19.899999618530273,19.110000065394786,18.25400047302244,17.457142966134214,16.8557142530169,16.352499961853027,16.121428625924256,15.734285627092628,15.313750147819512,15.231666564941417,15.1366669336955,14.904285567147415
2012-07-02,18.7199993133545,23.701484796782246,23.124285561697842,22.21999979019165,22.107143129621228,21.632857458932072,21.16571399143764,19.988571439470572,18.988571166992173,18.619999885559082,17.673333485921233,17.08500003814695,16.533333460489935,16.131249785423275,15.868571417672314,15.627142906188958,15.391428674970387,15.274285997663243,15.0350000858307
2012-07-03,19.813333511352567,25.254369719689635,23.512856892177027,22.905000209808357,22.464285850524895,21.735333506266286,21.035999933878568,20.403076905470623,19.560000010899127,18.556923206035908,17.670769324669493,17.250769101656392,16.637857164655436,16.359285627092643,16.05785724094937,15.712307783273554,15.54571451459612,15.442727262323546,15.242142881665908
2012-07-04,NA,24.60337715818171,24.5957145690918,23.248749732971188,23.00999968392507,22.340000152587873,21.421428407941544,19.970000267028816,19.6799996693929,18.796666145324686,17.88833332061767,17.321428843906943,16.76625013351441,16.49571446010046,16.12714276994977,15.797499895095825,15.6800003051758,15.652499794960026,15.6099996566772
2012-07-05,16.4400005340576,25.702307739948257,24.804285866873613,24.04714284624373,23.460000174386156,22.1271427699498,21.505714416503885,20.786000061035182,19.88333320617675,18.976666768391915,17.985714231218616,17.568571363176616,16.84285708836146,16.470000267028816,16.202857153756298,15.9183333714803,15.80799999237062,15.7550001144409,15.65666659673055
2012-07-06,NA,26.18579641696626,25.100000381469727,23.88000011444094,23.762857164655415,22.8771427699498,21.959999901907757,20.854999860127784,19.835000276565548,19.1283337275187,18.076666514078767,17.48285702296664,16.914999961853,16.715714318411685,16.2971431187221,16.218332608540866,15.96399993896482,15.893333117167167,15.842000198364259
2012-07-07,NA,25.556316041109852,NA,NA,NA,NA,21.960823519089644,20.9300000326974,19.952856608799515,19.164285659790057,18.087500333786,17.580000241597503,17.138333320617683,16.8114288875035,16.4566666285197,16.12749958038331,16.021428789411257,15.978571074349514,14.966571426391603
2012-07-08,NA,25.615999976448396,24.809999465942386,24.528572082519513,23.9514285496303,22.970000267028823,22.396666844685882,21.210000174386156,20.34999974568685,19.467142650059284,18.29625010490416,17.914285659790043,17.35000010899137,16.9742853982108,16.485713958740227,16.225714274815157,16.156666437784832,16.105000178019218,15.978571346827929
2012-07-09,16.2099990844727,25.438080540725164,24.871428625924256,24.574999809265112,24.12857164655413,23.539999825613844,22.789999961853017,21.578333536783866,20.368750095367425,19.456666946411133,18.72799949645994,17.85142844063896,17.32249975204465,17.07428577968053,16.69142832074847,16.3566672007243,16.3149995803833,16.222857339041557,16.01500034332275
2012-07-10,NA,25.233243306477863,24.718570709228526,24.531429290771474,24.271428789411257,23.4524998664856,23.051666895548532,21.789999961853034,20.8357140677316,19.685714176722943,18.599999904632575,18.10571452549527,17.56571469988143,17.191428865705213,16.914285659790043,16.49500012397764,16.351667086283367,16.2833334604899,16.00600032806398
2012-07-11,NA,25.216108581059657,24.548571177891287,24.241249799728386,24.18571417672293,23.877143042428145,23.26857158115933,22.065714154924642,20.761250019073486,19.975713729858413,19.038571493966213,18.255714144025543,17.585000038146973,17.3571425846645,16.96285683768137,16.634285790579657,16.464999516805015,16.266250848770113,16.120000203450516
2012-07-12,24.2399997711182,25.276428452559873,24.448333422342948,24.384285245622916,24.286666234334334,23.456249713897698,23.5357142857143,22.405714035034187,21.031428745814743,20.4400001525879,19.224285670689184,18.40199966430662,17.7985714503697,17.36000006539483,17.067143031529,16.725000143051126,16.52800064086912,16.481999588012698,16.293333689371718
2012-07-13,25.7600002288818,25.71168174743652,24.634285245622884,24.38625049591065,24.419999803815585,24.08000019618443,23.61285727364677,22.54571396963936,21.537499904632575,20.538333574930817,19.346666971842467,18.4799998147147,17.79625034332276,17.5128574371338,17.178571428571427,16.90166632334393,16.67800025939942,16.529999494552587,16.347499847412102
2012-07-14,21.13500022888185,25.493513631391092,24.854285921369286,24.707142693655857,24.58571434020997,23.7962501049042,23.857142584664473,22.797142573765342,21.680000305175785,20.47714287894113,19.252499818801873,18.782857077462328,18.06000001089914,17.682856968470972,17.384285245622902,16.948750019073486,16.8560001373291,16.653333028157565,16.454999923706076
2012-07-15,NA,25.32856499881488,24.7914292471749,24.536249399185174,24.608571188790474,24.304285866873613,23.85000038146972,22.870000203450534,21.452857426234644,20.6099998474121,19.71799964904784,18.8833335240682,18.31142834254673,17.594999790191636,17.468570981706915,17.054286139351987,16.966665903727232,16.762857709612142,16.593333244323716
2012-07-16,NA,25.817665116902496,24.9942855834961,24.84428596496583,24.6671425955636,24.0662500858307,24.128571646554114,23.315714427403044,22.05428559439523,20.811666806538902,19.55000032697403,18.982857022966655,18.479999814714713,17.928571428571427,17.614285877772744,17.200000286102274,17.00857162475587,16.85714340209963,16.745713642665315
2012-07-17,NA,25.811238930288663,25.31874990463256,25.063333193461116,24.73999977111817,24.598571504865387,24.0728577205113,23.35428564889091,22.019999912806927,20.92714282444543,19.965000152587884,19.10571452549526,18.4042857033866,18.004999876022325,17.60999979291643,17.421428680419886,17.3199996948242,17.06000010172525,16.96999969482422
2012-07-18,NA,25.42290219238827,25.303333918253568,25.274286270141616,25.06428527832033,24.797143118722072,23.911249876022364,23.48600044250488,22.364999771118185,21.348571232386984,19.9549994468689,19.268333435058615,18.60857200622557,18.187142508370528,17.83999960763113,17.477499961853013,17.272857393537258,17.165714263915998,16.989999771118175
2012-07-19,NA,24.81184291400118,24.73999977111818,24.5224997997284,24.7199993133545,24.575714111328114,24.241428375244144,23.4714287349156,21.55499998728435,21.295000076293917,20.120000021798287,19.30833339691163,18.591428484235472,18.200000047683712,17.94142832074847,17.6199997493199,17.44500064849855,17.351428440638973,17.01399993896484
2012-07-20,NA,24.962977879842125,24.424285888671843,24.291249275207512,24.30714225769043,24.261428833007816,24.1114283970424,23.745714187622056,22.15125012397766,21.546666463216184,20.388571330479213,19.57000023978096,18.922857012067514,18.481250286102288,18.10428592136927,17.938000488281258,17.70399971008304,17.610000610351584,17.26600036621092
2012-07-21,NA,25.169371119085344,24.503333409627267,24.3711109161377,24.3771424974714,24.225714274815157,23.958571842738586,23.6875,22.80166721343995,21.910000119890487,20.36166667938233,19.53857122148787,19.141428811209543,18.628571646554143,18.3300004686628,18.00499987602234,17.848571504865358,17.724285670689184,17.476666132609065
2012-07-22,NA,25.586909207430754,24.7900009155273,24.68857192993164,24.571428298950188,24.339999880109517,24.19199981689454,23.860000228881862,23.066666920979834,22.0333334604899,20.887499332428,19.65166664123535,19.290000098092214,18.752856935773572,18.551999664306642,18.2340000152588,17.989999771118168,17.8500003814697,17.773333231608067
2012-07-23,25.8600006103516,25.90227852591986,24.826666514078802,24.757143020629872,24.665714263916012,24.5628569466727,24.2300001780192,23.872499942779527,23.02250051498415,21.896666208902968,20.859999974568666,19.92799949645996,19.315713882446286,19.014286041259744,18.644999980926524,18.4666665395101,18.20999972025553,18.132499694824197,17.816666285196934
2012-07-24,NA,26.12214688662081,25.369999885559103,25.32999992370606,25.2442855834961,24.654999732971184,24.4850001335144,23.95,23.060000101725233,22.193333307902034,20.9400005340576,20.0533326466878,19.530000141688756,19.15714291163853,18.80428559439523,18.634999275207498,18.3766663869222,18.2900009155273,NA
2012-07-25,24.1100006103516,26.112452740939162,25.422500133514376,25.3285713195801,25.115714481898713,24.891427993774414,24.5599994659424,24.07800025939942,23.3633337020874,22.109999656677225,21.3233337402344,20.414999961853,19.67249965667725,19.18999989827473,18.944999694824247,18.6499996185303,NA,18.2999992370605,18.106667200724267
2012-07-26,25.2099990844727,25.216646856420198,25.052499294280977,25.020000457763686,24.9814281463623,24.89833291371665,24.69600028991698,24.142499923706076,23.390000025431334,22.18249940872195,21.335000356038417,20.24000024795535,19.71714265005927,19.389999934605186,18.9379997253418,18.7399997711182,18.51999950408935,18.431667009989432,18.3099994659424
2012-07-27,NA,25.163101341150988,24.765714645385756,24.748333295186367,24.725713729858384,24.670000076293928,24.519999980926524,23.997143064226428,23.310000101725265,22.283333142598465,21.2600002288818,20.368571417672314,19.7349999745687,19.391249895095836,19.136666615804018,18.74599990844726,18.6299991607666,18.4599998474121,18.1299991607666
2012-07-28,NA,24.80959524033387,24.5,24.49571418762207,24.4799995422363,24.45428521292554,24.003999710083,24.0300006866455,23.49200019836426,22.58000087738035,21.690000057220473,20.37600021362304,19.928571701049815,19.638571058000828,19.2671432495117,NA,18.8299999237061,18.702499389648448,18.4099998474121
2012-07-29,NA,25.417692257807804,24.4049997329712,24.292857578822503,24.23714256286623,24.19142886570524,24.12799949645996,23.982499599456823,23.7799997329712,22.80333328247073,21.5300006866455,20.813999938964862,20.2028568812779,19.715714590890084,19.425000190734867,19.076666514078767,19.003333409627267,18.896666208903,18.4400005340576
2012-07-30,25.1700000762939,25.14339088571483,24.545000076293903,24.479999542236314,24.291249513626074,24.31799964904784,24.1325001716614,23.98799972534182,23.785000483194967,22.876666386922235,21.924999237060547,21.045000076293952,20.238571711948943,19.874285834176202,19.595000267028833,19.2699998219808,NA,18.916666666666664,18.55000019073485
2012-07-31,24.9899997711182,24.9687499659402,24.668333371480283,24.6471424102783,24.62428556169783,24.475714002336787,24.23166624704995,23.943333307902034,23.68000030517575,22.944999694824247,22.1499996185303,20.797999954223638,20.441428865705227,19.957142966134228,19.64999989100863,19.279999732971174,19.2299995422363,NA,18.8575005531311
2012-08-01,25.36499977111815,25.421263694763184,24.536666870117166,24.502857208251942,24.46285629272464,24.427143096923828,24.30999946594237,24.164999485015876,23.70166651407878,22.9599990844727,21.7999992370605,21.261666933695466,20.52857181004117,20.06571442740303,19.64500013987225,19.4050006866455,19.2249994277954,19.0499992370605,NA
2012-08-02,NA,24.832545482751097,24.615000724792502,24.56285667419433,24.501428604125973,24.448572158813512,24.3733336130778,23.9400005340576,23.63200073242188,22.9799995422363,22.099999904632575,21.245714187622056,20.682856968470986,20.138571602957573,19.846000289917,19.52999973297115,19.414999961853,NA,18.9375
2012-08-03,NA,25.27568173408508,24.5900001525879,24.559999465942386,24.4871425628662,24.422857284545884,24.15833377838132,24.10000010899136,23.73799972534182,22.97999954223635,21.36999988555905,21.41750001907345,20.857143129621242,20.355714253016856,20.00666681925455,19.710000514984152,19.6700000762939,19.51500034332275,19.2900009155273
2012-08-04,25.3100004196167,25.272415739766664,24.61200065612796,24.543750047683726,24.531428745814715,24.401666323343914,24.268000411987302,24.03500032424925,23.646666208903,23.065000216166183,22.1800003051758,21.468333244323716,20.850000381469716,20.5185718536377,20.272500038146976,19.9050006866455,NA,19.6000003814697,19.19799995422364
2012-08-05,24.5200004577637,24.515297719410476,24.561428070068374,24.528572082519528,24.454285212925527,24.38499959309895,23.5799999237061,NA,23.8099994659424,22.9799995422363,22.450000286102323,21.497142519269673,21.100000108991356,20.738571166992184,20.423333485921198,20.03999964396157,19.9500007629395,NA,19.6233336130778
2012-08-06,NA,24.01849415790604,23.82499980926515,23.819999694824244,23.788571766444587,23.774286270141616,23.744285583496115,23.7299995422363,23.3799991607666,23.0900001525879,22.5,21.68600006103516,21.235714503696972,20.778571810041157,20.394999821980797,20.2000001271566,NA,19.893332799275697,19.5050001144409
2012-08-07,23.9300003051758,24.049585771278515,23.704285212925527,23.634999593098932,23.607143402099616,23.575714111328114,23.574999809265133,23.55599937438964,NA,23.103333791097,22.929999828338623,21.9399995803833,21.30285726274763,20.82428550720213,20.445714133126383,20.295000076293952,20.096666971842467,NA,19.3799991607666
2012-08-08,20.684999942779537,24.693836368104947,23.85000010899136,23.775000572204576,23.717142105102557,23.68285751342774,23.62249994277955,23.5,23.3899993896484,23.1900005340576,NA,21.99599990844728,21.234285899571013,20.89625000953675,20.7066666285197,20.38000011444095,20.0699996948242,20.0533326466878,19.98499965667725
2012-08-09,23.6000003814697,23.64181278741847,23.6583334604899,23.67285728454587,23.6599998474121,23.62714304242814,23.5400005340576,23.47399978637696,23.420000076293967,NA,22.67749977111815,22.066666603088382,21.542857033865772,21.108571188790457,20.838333129882816,20.480000495910602,20.2700004577637,20.1700000762939,19.9599990844727
2012-08-10,NA,23.12250017036091,23.1499996185303,23.1349999109904,23.1499996185303,23.14857101440431,23.139999389648416,23.1399993896484,23.1299991607666,23.0400009155273,NA,22.420000076293956,21.647142955235072,21.178750276565562,20.913333257039383,20.640000343322747,20.434999465942397,20.3450002670288,19.70499992370605
2012-08-11,NA,23.151675359116805,22.7399997711182,22.7249994277954,22.697143282209144,22.6900005340576,22.67166678110755,22.663333257039366,22.643332799275697,22.634999275207498,22.295000076293952,22.449999618530278,21.915713991437656,21.298571450369685,20.98571423121863,20.55999946594236,20.5499992370605,20.4899997711182,19.937999725341818
2012-08-12,NA,23.31166667938233,22.618333816528335,22.581428527832074,22.5699996948242,22.551666259765632,22.543333689371735,22.5,22.4749994277954,22.4500007629395,22.416666666666632,22.3257143838065,21.932857513427727,21.581428800310402,21.25,20.8799991607666,20.605000019073476,20.510000228881832,NA
2012-08-13,NA,23.11000011422042,22.593333562215168,22.532857622419073,22.488571166992198,22.45857129778184,22.4500007629395,NA,22.422500133514397,22.399999618530273,22.39500045776365,22.239999771118182,22.116249799728386,21.6866668065389,21.256666819254548,21.05000019073485,NA,20.6233336130778,20.25
2012-08-14,NA,23.17463283215539,22.729999814714713,22.617143358503085,22.563750028610237,22.5366671880086,22.485999679565438,22.4500007629395,22.4099998474121,22.30499935150145,22.32499980926515,22.23285675048827,22.085714340209986,21.831428527832045,21.309999942779548,21.104999542236325,20.94500064849855,20.8099994659424,20.340000152587848
2012-08-15,23.4599990844727,23.4318821738748,22.71285683768137,22.65714263916017,22.598571504865387,22.5366671880086,22.533334096272768,22.477499485015876,22.42400016784668,22.36499977111815,22.2999992370605,22.128749847412113,22.08571406773156,21.865714481898713,21.594999313354474,21.350000381469748,21.06142861502513,21.0400009155273,20.704999923706097
2012-08-16,NA,23.32994495643365,22.702499866485624,22.584285736083988,22.534286499023416,22.481666247049965,22.4525003433228,22.4300003051758,22.4400005340576,22.326666514078767,22.313333193461084,22.250000000000014,22.142856870378772,21.809999465942386,21.6549997329712,21.37999992370606,21.25,21.10500049591065,20.7149991989136
2012-08-17,NA,22.604831449101486,22.600000381469734,22.58800010681152,22.5799999237061,22.57499980926515,22.5699996948242,22.533334096272768,22.5,NA,22.3400001525879,22.162727355957035,21.9650001525879,21.864545822143555,NA,21.4200000762939,21.32499980926515,NA,20.8700008392334
2012-08-18,NA,22.60239772908172,22.2159996032715,22.146666208903,22.1100006103516,22.0900001525879,22.068749666213975,22.05833276112875,22.057499408721924,22.0499992370605,21.986666679382317,21.96199913024906,21.9528574262347,21.94714355468753,21.785714558192645,21.281249999999975,21.2850008010864,21.1200008392334,20.673332850138333
2012-08-19,NA,22.193513385669597,22.045000076293903,22.01833375295005,22,21.957142421177497,21.9500007629395,21.96399955749514,21.953333536783898,21.95200042724608,21.93800048828124,21.9099998474121,21.89999961853027,21.834285736083974,21.755714416503913,21.63599967956544,21.2600002288818,21.153333028157533,NA
2012-08-20,NA,22.479651184969168,21.917142868042,21.865000406901068,21.8500003814697,21.829999923706087,21.8099994659424,21.802499294280977,21.7900009155273,21.7800006866455,21.7633336385091,21.7600002288818,21.7600002288818,21.731428146362287,21.701428277151955,21.654285703386556,21.4800000190735,21.3033326466878,20.8400001525879
2012-08-21,NA,22.075515007250235,21.876666704813616,21.80000038146974,21.71199913024906,21.700000490461115,21.684286117553714,21.680000305175785,21.6599998474121,21.6700000762939,21.665714263915998,21.6499996185303,21.651666323343914,21.649999618530284,21.612857001168386,21.521667162577316,21.49599990844728,21.411999893188458,20.94199981689452
2012-08-22,22.64142853873116,22.31751502065947,21.81199951171876,21.765000025431316,21.715713500976584,21.68285724094937,21.6499996185303,21.6399993896484,21.63666598002113,21.61200065612794,21.597500324249253,21.59250020980835,21.5799999237061,21.532857622419073,21.495714187622085,21.4866663614909,21.4749994277954,21.4300003051758,21.3450002670288
2012-08-23,22.3099994659424,22.5155682888898,21.9099998474121,21.741666475931815,21.711427688598672,21.681428909301772,21.690000534057617,21.69500064849855,21.7000007629395,21.64571380615234,21.615000724792502,21.6000003814697,21.572000122070342,21.558570861816413,21.532857622419073,21.4879997253418,21.4400005340576,21.4300003051758,21.3500003814697
2012-08-24,22.1399993896484,22.12651653504103,22.0300006866455,21.9699993133545,21.86857169015067,21.861428669520787,21.77714238848003,21.7866671880086,21.66499996185305,21.6299991607666,21.577500343322775,21.578333218892435,21.5433336893717,21.531429290771474,21.481428146362287,21.437499284744298,21.4500007629395,21.4300003051758,21.2099990844727
2012-08-25,22.5,22.643439493361555,22.1999994913737,21.832856859479644,21.814999818801876,21.781429290771474,21.788571493966217,21.74833329518635,21.68599967956544,21.6599998474121,21.596000289916983,21.56249952316285,21.5400009155273,21.5200004577637,21.51285743713377,21.479999542236314,21.4599990844727,21.3899993896484,NA
2012-08-26,NA,23.05636367264326,22.753333409627267,22.192500114440925,22.050000190734835,21.947143009730755,21.86857196262906,21.765714645385742,21.691429138183587,21.6599998474121,21.6499996185303,21.595714841570203,21.552499294280977,21.510000228881818,21.48571395874024,21.4500007629395,21.432500362396247,21.3500003814697,NA
2012-08-27,22.8799991607666,22.97738855204005,22.6066675186157,22.363333702087434,22.244285583496087,22.084285736083988,21.990000043596527,21.84199981689452,21.733332951863634,21.7066663106283,21.6599998474121,21.619999567667634,21.54999987284342,21.520000457763672,21.488571166992212,21.440000261579257,21.3799991607666,21.3299999237061,21.184999465942397
2012-08-28,20.86899986267091,23.231830135669586,22.77999973297115,22.45999972025553,22.341428756713874,22.210000446864544,22.028749704360987,21.89500013987223,21.7800006866455,21.75,21.661999893188458,21.6100006103516,21.569999694824226,21.51000022888183,21.4899997711182,21.418750524520874,21.4266668955485,21.353333791097,21.2099990844727
2012-08-29,NA,23.771746014791823,22.9066670735677,22.350000381469734,22.426666895548482,22.305713653564442,22.161428451538086,22.022857121058873,21.88999938964842,21.78000020980835,21.7066663106283,21.62599983215332,21.55999946594238,21.488571166992212,21.464285169328985,21.361428941999172,21.315999603271482,21.2999992370605,21.11499977111815
2012-08-30,NA,23.850632240032322,23.01000022888184,22.566666285196934,22.498333295186367,22.391427993774414,22.2428572518485,22.09333356221515,21.9300003051758,21.8400001525879,21.72599945068358,21.666666666666632,21.561666170756034,21.521667162577334,21.461427961077042,21.379999433244972,21.3500003814697,NA,NA
2012-08-31,22.84666697184243,23.377157813624336,23.26599960327148,22.9599998474121,22.6271424974714,22.43285751342774,22.261428833007788,22.151666323343882,22.03800086975094,21.882499694824226,21.7199993133545,21.615714754377116,21.5599994659424,21.484285899571,21.425714492797827,21.331428527832074,21.328571319580114,21.2399997711182,21.10000038146975
2012-09-01,NA,23.746969714309227,NA,22.828333218892435,22.804285321916844,22.547142573765342,22.32999992370605,22.25,22.075000762939453,21.8700008392334,21.749999682108566,21.618000030517578,21.591666857401552,21.531428745814715,21.40285682678224,21.335000356038417,21.292500495910602,21.256666819254534,21.112857818603544
2012-09-02,NA,23.337794729379507,23.180000305175785,22.715000152587898,22.643749952316274,22.548571722848074,22.412856783185685,22.338333447774268,22.162500381469727,21.9800001780192,21.821666399637852,21.682857513427727,21.62000007629394,21.54142897469653,21.484285354614258,21.3271427154541,21.3199996948242,21.253333409627267,21.07999992370605
2012-09-03,23.384999275207498,23.30153841850085,23.15800018310546,22.555713926042817,22.520000185285287,22.467142377580927,22.3862497806549,22.38666598002113,22.2133337656657,22.12999954223632,21.904999732971174,21.735000610351552,21.686667124430333,21.5528572627476,21.451428277151926,21.387142181396456,21.375,21.307499885559075,21.108571188790457
2012-09-04,23.1800003051758,23.326589617426,23.0566660563151,22.643332799275733,22.533750057220427,22.520000457763672,22.441666603088365,22.396666208903,22.20799980163574,22.210000038147,22.072500228881825,21.808000564575202,21.6399998664856,21.527500152587912,21.482856750488285,21.36857169015067,21.335000038147,21.29000053405758,21.10000010899136
2012-09-05,23.3699998855591,23.49987000304382,23.422499656677225,22.63399925231932,22.615715026855487,22.534285681588287,22.471666018168133,22.4350004196167,22.322499752044678,22.2379997253418,22,21.8199996948242,21.695000171661373,21.64571380615234,21.538571221487842,21.401999664306658,21.356666564941403,21.29599990844722,NA
2012-09-06,22.9899997711182,23.004539602681213,22.94199981689452,NA,22.618570872715512,22.62285695757184,22.56142834254673,22.481999588012698,22.336666742960634,22.14399986267092,22.0824999809265,21.848333358764666,21.710000038147,21.531817869706583,21.505000114440925,21.407142911638513,21.2900009155273,21.2900009155273,21.192500591278097
2012-09-07,22.6100006103516,22.63993587249364,22.49199981689454,22.461428233555427,22.441428865705213,22.39142853873117,22.365000724792502,22.321428843906943,22.335000038147,22.17000007629395,22,21.901428222656257,21.697499752044674,21.625714438302172,21.46199951171878,21.368334134419765,21.33199996948246,21.2700004577637,NA
2012-09-08,NA,22.26503042741255,22.29000043869015,22.251428604125973,22.221427917480472,22.197143554687543,22.2000007629395,22.1700000762939,22.1599998474121,22.1599998474121,22.016666412353533,22.07857131958007,21.784285409109927,21.64428520202637,21.515000025431316,21.424999713897723,21.322499752044678,21.27750062942505,21.0950002670288
2012-09-09,21.4300003051758,21.785301553197634,21.804999669392867,21.801427841186488,21.797143118722058,21.795000076293903,21.7900009155273,21.762857437133757,21.767500400543227,21.76166693369545,21.7550001144409,21.73714256286623,21.686000442504888,21.6500000953674,21.598000335693342,21.4228572845459,21.33000087738035,21.06999969482425,NA
2012-09-10,NA,21.88327574455874,21.569999694824233,21.52285766601563,21.4599990844727,21.451667149861667,21.446000671386738,21.4566663106283,21.4500007629395,21.4500007629395,21.43750047683715,21.4400005340576,21.4200000762939,21.4200000762939,21.392857142857128,21.3974995613098,21.336000061035183,21.25,21.1549997329712
2012-09-11,NA,21.773231657539924,21.443333307902034,21.389999389648413,21.348571777343743,21.33500003814702,21.2999992370605,21.2800006866455,21.2850008010864,21.2900009155273,21.2933336893717,21.2850008010864,21.27500057220459,21.272857666015614,21.25,NA,21.1900005340576,21.171250104904175,21.1271424974714
2012-09-12,NA,21.541282152518246,NA,21.2199993133545,21.171428680419886,21.1599998474121,21.163999938964817,21.156666437784832,21.1499996185303,21.1499996185303,NA,21.152499675750747,21.15166632334393,21.138570785522443,21.129999705723343,21.086666742960634,21.05222235785589,NA,21.0050001144409
2012-09-13,NA,20.98424244504987,21.030000368754084,21.025000333786025,21.022857666015643,21.02142906188966,21.022000503540042,21.02000045776367,21.028333663940433,21.02000045776367,NA,21.01500034332275,21.008571624755827,21.008571624755827,21.005714416503885,20.9899997711182,20.9949998855591,21,20.94000053405765
2012-09-14,NA,20.68967233459807,20.668333371480266,20.6599998474121,20.655714035034183,20.65124964714051,20.648332913716647,20.6499996185303,20.651999664306658,NA,20.6399993896484,20.6100006103516,20.60714340209963,20.608572006225614,20.60142898559569,20.603333791097,20.59500026702885,20.572499752044678,20.5699996948242
2012-09-15,NA,20.850132506414756,20.52142906188966,20.48999977111817,20.4200000762939,20.404285430908214,20.3999996185303,20.393332799275697,20.399999618530277,20.38333257039387,20.3700008392334,20.3600006103516,20.355714797973643,20.352857589721673,20.35142898559569,20.3500003814697,20.3500003814697,20.3400001525879,20.307499408721924
2012-09-16,NA,20.741194827001795,20.4483331044515,20.32999992370608,20.270000457763686,20.244285583496115,20.24874997138979,20.2399997711182,20.2399997711182,20.2399997711182,20.23499965667725,20.223332722981766,20.2199993133545,20.214284896850614,20.202857153756312,20.1700000762939,20.14499950408935,20.12200050354004,20.091666857401535
2012-09-17,20.1599998474121,20.541543112860783,20.2633336385091,20.239999771118185,20.224285125732415,20.197143282209158,20.161999893188458,20.1499996185303,20.1499996185303,20.1549997329712,NA,20.14499950408935,20.13857078552243,20.13624954223631,20.137142181396456,20.100000381469734,20.0900001525879,20.0499992370605,20.001666704813633
2012-09-18,13.527142524719233,20.05303017780033,20.106667200724303,20.10250043869018,20.10600051879884,20.10250043869018,20.098571777343743,20.09714317321776,20.10142898559569,20.1000003814697,20.1000003814697,20.0900001525879,20.0799999237061,20.084285736084016,20.07999992370608,20.0799999237061,20.0799999237061,20.0799999237061,20.056666692097966
2012-09-19,NA,19.600239451060038,19.645999526977537,19.63666598002113,19.63142776489257,19.621429170880997,19.6299991607666,19.6200008392334,19.62200050354004,19.6266663869222,19.615000724792502,19.60500049591065,19.6100006103516,19.6075005531311,19.591666857401517,19.5350008010864,19.5400009155273,19.5416673024495,19.5350008010864
2012-09-20,19.0499992370605,19.048306095144117,19.0900001525879,19.0900001525879,19.07999992370608,19.069999694824226,19.07499980926515,19.06214237213136,19.0599994659424,19.0599994659424,19.0516662597656,19.03400077819822,19.020000457763686,19.006250143051126,19.0050001144409,18.983332951863616,18.95833333333335,18.884999593098968,NA
2012-09-21,NA,18.60050020217896,18.6299991607666,NA,NA,NA,18.61187565326694,NA,18.6000003814697,18.6000003814697,NA,18.59400024414062,18.5799999237061,18.579499912261994,18.5799999237061,NA,NA,18.567499637603753,18.5799999237061
2012-09-22,18.332777791553077,18.316666502701615,18.295000076293903,18.288334210713668,18.2750005722046,18.2700004577637,18.2700004577637,18.2633336385091,18.26500034332275,18.268571853637685,18.26833375295005,18.25600013732908,18.2399997711182,18.22999954223636,18.22249937057495,18.20799980163578,18.201250076293974,18.176666895548482,NA
2012-09-23,NA,17.958031938431137,18.0200004577637,NA,NA,NA,NA,NA,17.9599990844727,NA,NA,NA,NA,NA,17.9300003051758,NA,NA,NA,NA
2012-09-24,NA,17.56360772289807,17.526667277018234,17.521667162577316,17.523750543594375,17.51714324951173,17.51500034332275,17.51500034332275,17.5133336385091,17.4899997711182,17.5,17.496666590372733,17.5,17.491666475931833,17.4899997711182,17.4899997711182,17.443333307902034,17.4200000762939,17.42500019073485
2012-09-25,17.2800006866455,17.220558711460672,17.1557137625558,17.1399993896484,17.13666598002113,17.134999275207498,17.14999961853025,17.132221645779065,17.134999275207498,17.12999954223632,17.132856369018544,17.133332888285317,17.12599983215332,17.1299991607666,17.1299991607666,17.13249921798705,17.13666598002113,17.1399993896484,NA
2012-09-26,NA,17.307417143259617,17.108571188790442,17.0485709054129,17.0350008010864,17.004285812377915,17.002857208251942,16.9899997711182,16.986249923706076,16.9699993133545,NA,16.94500064849855,16.9400005340576,16.918750047683687,16.898332913716633,16.8899993896484,16.8735716683524,NA,NA
2012-09-27,16.8899993896484,16.897961355318667,NA,NA,NA,16.8899993896484,NA,NA,NA,NA,16.7700004577637,NA,NA,NA,NA,NA,16.7199993133545,NA,NA
